user_id,signup_date,channel,plan_type,funnel_stage,recency_days,frequency_sessions,monetary_spent,design_count,export_count,share_count,avg_session_duration,features_used,trial_days_remaining,days_since_signup,has_completed_core_action,email_opened_last_campaign,churn_risk_score
U0001,2026-03-06,社交媒体,试用版,首次使用,35,4,0.0,4,1,0,7.9,4,0,34,True,False,85
U0002,2026-01-14,付费广告,免费版,首次使用,27,6,0.0,7,2,1,33.6,7,0,85,True,False,67
U0003,2026-02-02,付费广告,专业版,已注册,55,1,0.0,0,0,0,29.2,1,0,66,False,False,100
U0004,2026-02-14,直接访问,专业版,已活跃,13,3,0.0,5,1,0,27.1,5,0,54,True,False,33
U0005,2026-03-26,社交媒体,专业版,已活跃,8,30,0.0,25,3,4,18.8,15,0,14,True,False,28
U0006,2026-03-26,自然搜索,免费版,首次使用,18,5,0.0,4,0,0,17.3,2,0,14,True,False,58
U0007,2026-04-03,推荐,免费版,已活跃,9,19,0.0,16,6,2,3.9,12,0,6,True,True,29
U0008,2026-01-21,直接访问,专业版,已付费,2,22,852.73,19,9,2,11.4,14,0,78,True,False,2
U0009,2026-02-14,推荐,试用版,首次使用,12,7,0.0,6,1,0,2.7,5,0,54,True,True,62
U0010,2026-02-04,社交媒体,免费版,已活跃,3,11,0.0,12,2,0,27.0,15,0,64,True,True,23
U0011,2026-04-07,社交媒体,试用版,已活跃,7,37,0.0,27,7,2,6.6,15,12,2,True,False,37
U0012,2026-01-12,付费广告,企业版,已付费,10,60,1578.19,86,42,10,39.5,15,0,87,True,False,10
U0013,2026-01-24,推荐,企业版,已付费,5,49,1376.31,79,16,13,24.5,15,0,75,True,False,5
U0014,2026-03-21,直接访问,试用版,已注册,37,1,0.0,0,0,0,32.1,1,0,19,False,False,100
U0015,2026-03-23,自然搜索,专业版,首次使用,7,4,0.0,4,1,0,19.7,6,0,17,True,False,47
U0016,2026-03-23,自然搜索,企业版,已注册,83,1,0.0,0,0,0,26.1,1,0,17,False,True,100
U0017,2026-03-12,付费广告,试用版,首次使用,30,1,0.0,1,0,0,42.5,1,0,28,True,True,80
U0018,2026-02-21,直接访问,免费版,已付费,6,48,2771.1,54,18,10,5.6,15,0,47,True,True,6
U0019,2026-03-01,推荐,企业版,已活跃,2,5,0.0,6,2,0,12.9,4,0,39,True,False,22
U0020,2026-03-14,自然搜索,试用版,已付费,5,33,3958.36,65,12,5,35.5,15,0,26,True,True,15
U0021,2026-02-13,社交媒体,免费版,已注册,86,1,0.0,0,0,0,6.2,1,0,55,False,False,100
U0022,2026-03-27,付费广告,试用版,已付费,6,106,777.76,93,26,3,5.3,15,1,13,True,False,16
U0023,2026-03-13,推荐,企业版,已活跃,11,10,0.0,20,5,2,17.5,13,0,27,True,True,31
U0024,2026-03-07,直接访问,企业版,首次使用,41,1,0.0,2,0,0,6.0,1,0,33,True,False,81
U0025,2026-02-27,直接访问,企业版,已活跃,13,9,0.0,13,3,1,27.2,12,0,41,True,False,33
U0026,2026-01-29,付费广告,免费版,首次使用,36,1,0.0,1,0,0,11.7,1,0,70,True,True,76
U0027,2026-03-22,付费广告,专业版,已活跃,12,22,0.0,23,6,2,40.5,15,0,18,True,False,32
U0028,2026-02-22,自然搜索,专业版,已活跃,5,4,0.0,6,2,0,35.7,8,0,46,True,False,25
U0029,2026-02-15,自然搜索,试用版,已活跃,10,24,0.0,20,6,2,32.1,14,0,53,True,False,40
U0030,2026-04-04,直接访问,专业版,已付费,3,56,618.13,42,18,7,28.5,15,0,5,True,False,3
U0031,2026-02-13,直接访问,试用版,已浏览,58,1,0.0,0,0,0,39.1,1,0,55,False,False,100
U0032,2026-03-24,推荐,免费版,已活跃,2,13,0.0,9,3,0,11.6,12,0,16,True,False,22
U0033,2026-04-03,推荐,试用版,已活跃,8,7,0.0,8,3,0,39.5,14,8,6,True,True,38
U0034,2026-01-14,社交媒体,试用版,已浏览,71,1,0.0,0,0,0,35.9,1,0,85,False,False,100
U0035,2026-01-13,直接访问,试用版,首次使用,40,10,0.0,7,1,1,34.2,9,0,86,True,False,90
U0036,2026-01-27,推荐,免费版,已浏览,30,1,0.0,1,0,0,26.1,1,0,72,True,True,90
U0037,2026-03-12,直接访问,试用版,已浏览,60,1,0.0,1,0,0,12.6,1,0,28,True,False,100
U0038,2026-03-31,自然搜索,专业版,已付费,13,45,206.29,84,21,12,20.2,15,0,9,True,False,13
U0039,2026-02-07,付费广告,试用版,已浏览,77,1,0.0,1,0,0,36.1,1,0,61,True,False,100
U0040,2026-02-28,自然搜索,试用版,首次使用,24,3,0.0,7,1,1,3.4,5,0,40,True,False,74
U0041,2026-03-29,推荐,免费版,已活跃,6,22,0.0,18,7,3,35.6,15,0,11,True,False,26
U0042,2026-02-23,社交媒体,专业版,首次使用,23,7,0.0,7,1,0,12.3,11,0,45,True,False,63
U0043,2026-04-05,自然搜索,试用版,首次使用,44,6,0.0,5,2,0,8.2,9,10,4,True,False,94
U0044,2026-01-18,社交媒体,免费版,首次使用,20,1,0.0,2,0,0,7.0,2,0,81,True,False,60
U0045,2026-03-16,社交媒体,专业版,已付费,6,30,131.81,35,15,2,3.2,15,0,24,True,False,6
U0046,2026-02-09,付费广告,免费版,首次使用,31,2,0.0,4,1,0,24.5,3,0,59,True,False,71
U0047,2026-03-12,自然搜索,试用版,已活跃,13,22,0.0,26,2,2,11.4,15,0,28,True,False,43
U0048,2026-02-21,社交媒体,试用版,首次使用,28,8,0.0,6,2,0,44.5,5,0,47,True,False,78
U0049,2026-02-19,付费广告,专业版,已注册,32,1,0.0,0,0,0,26.7,1,0,49,False,False,100
U0050,2026-03-23,直接访问,试用版,首次使用,25,1,0.0,1,0,0,7.9,1,0,17,True,False,75
U0051,2026-01-12,付费广告,专业版,已付费,8,61,146.47,46,21,8,31.6,15,0,87,True,True,8
U0052,2026-01-30,直接访问,免费版,已活跃,11,24,0.0,28,4,3,40.6,15,0,69,True,False,31
U0053,2026-01-15,社交媒体,企业版,已付费,1,33,4252.74,30,7,5,34.0,15,0,84,True,False,1
U0054,2026-01-19,社交媒体,专业版,已付费,2,54,205.18,91,35,14,5.3,15,0,80,True,True,2
U0055,2026-02-14,直接访问,企业版,已活跃,1,4,0.0,7,3,0,40.5,7,0,54,True,False,21
U0056,2026-01-16,付费广告,试用版,已浏览,30,1,0.0,0,0,0,36.1,1,0,83,False,False,100
U0057,2026-04-01,自然搜索,专业版,已付费,3,103,139.64,96,19,15,8.8,15,0,8,True,False,3
U0058,2026-03-22,自然搜索,免费版,首次使用,27,1,0.0,2,0,0,4.2,3,0,18,True,True,67
U0059,2026-04-04,直接访问,免费版,已付费,12,48,2469.55,46,10,7,26.0,15,0,5,True,False,12
U0060,2026-03-11,社交媒体,免费版,已付费,5,99,4296.97,97,37,5,8.7,15,0,29,True,False,5
U0061,2026-03-05,社交媒体,专业版,已活跃,4,16,0.0,19,9,2,37.9,15,0,35,True,True,24
U0062,2026-03-15,自然搜索,企业版,已活跃,0,24,0.0,21,8,3,17.4,15,0,25,True,False,20
U0063,2026-01-25,自然搜索,专业版,已付费,2,123,335.17,98,43,6,41.3,15,0,74,True,False,2
U0064,2026-03-08,自然搜索,免费版,首次使用,7,2,0.0,5,0,0,26.3,2,0,32,True,True,47
U0065,2026-03-14,付费广告,免费版,已付费,10,14,2396.71,21,8,1,9.9,15,0,26,True,False,10
U0066,2026-02-19,社交媒体,专业版,已活跃,4,32,0.0,27,11,4,8.0,15,0,49,True,False,24
U0067,2026-03-27,付费广告,试用版,首次使用,22,4,0.0,5,0,0,26.8,5,1,13,True,True,72
U0068,2026-01-27,付费广告,试用版,已注册,73,1,0.0,0,0,0,34.8,1,0,72,False,True,100
U0069,2026-04-02,推荐,试用版,首次使用,32,1,0.0,1,0,0,35.6,1,7,7,True,True,82
U0070,2026-01-11,付费广告,试用版,首次使用,22,1,0.0,1,0,0,13.9,1,0,88,True,True,72
U0071,2026-01-30,付费广告,试用版,首次使用,34,1,0.0,2,0,0,10.8,1,0,69,True,False,84
U0072,2026-03-22,直接访问,试用版,已浏览,30,1,0.0,0,0,0,2.7,1,0,18,False,False,100
U0073,2026-04-08,付费广告,试用版,已活跃,3,6,0.0,6,0,0,31.2,7,13,1,True,True,33
U0074,2026-01-26,社交媒体,试用版,已活跃,9,11,0.0,12,4,1,5.3,15,0,73,True,True,39
U0075,2026-02-05,直接访问,企业版,已活跃,10,34,0.0,27,8,3,20.1,15,0,63,True,True,30
U0076,2026-02-03,推荐,免费版,已注册,46,1,0.0,0,0,0,27.9,1,0,65,False,False,100
U0077,2026-01-30,自然搜索,试用版,已注册,86,1,0.0,0,0,0,42.3,1,0,69,False,True,100
U0078,2026-04-02,推荐,免费版,已活跃,10,11,0.0,9,2,0,15.4,10,0,7,True,False,30
U0079,2026-03-08,付费广告,试用版,首次使用,29,4,0.0,6,2,0,12.7,4,0,32,True,False,79
U0080,2026-03-29,自然搜索,企业版,已付费,6,38,678.65,42,11,2,30.1,15,0,11,True,True,6
U0081,2026-01-22,付费广告,专业版,已活跃,11,23,0.0,19,6,2,28.6,15,0,77,True,False,31
U0082,2026-02-12,推荐,试用版,已浏览,82,1,0.0,1,0,0,16.3,1,0,56,True,False,100
U0083,2026-03-10,付费广告,免费版,已活跃,6,4,0.0,4,1,0,41.9,3,0,30,True,False,26
U0084,2026-04-03,付费广告,专业版,已活跃,11,19,0.0,28,9,3,38.3,15,0,6,True,False,31
U0085,2026-03-12,社交媒体,企业版,已付费,1,57,2519.85,52,15,4,11.6,15,0,28,True,True,1
U0086,2026-03-11,自然搜索,免费版,已浏览,75,1,0.0,0,0,0,12.3,1,0,29,False,True,100
U0087,2026-02-03,自然搜索,免费版,已活跃,12,12,0.0,9,1,1,24.0,4,0,65,True,False,32
U0088,2026-02-11,自然搜索,试用版,首次使用,10,7,0.0,6,0,1,35.3,5,0,57,True,True,60
U0089,2026-01-20,自然搜索,企业版,已活跃,13,23,0.0,19,3,3,3.9,15,0,79,True,True,33
U0090,2026-02-25,自然搜索,试用版,已活跃,13,20,0.0,19,6,0,31.8,14,0,43,True,True,43
U0091,2026-03-29,自然搜索,企业版,已付费,6,85,3098.26,79,31,13,29.9,15,0,11,True,True,6
U0092,2026-02-04,社交媒体,免费版,已付费,2,50,3068.08,79,24,12,12.0,15,0,64,True,False,2
U0093,2026-01-31,自然搜索,免费版,已浏览,31,1,0.0,1,0,0,31.3,1,0,68,True,True,91
U0094,2026-02-18,付费广告,免费版,已浏览,39,1,0.0,0,0,0,42.4,1,0,50,False,False,99
U0095,2026-01-30,直接访问,试用版,已活跃,1,17,0.0,12,5,0,4.0,15,0,69,True,False,31
U0096,2026-02-24,付费广告,试用版,首次使用,23,4,0.0,5,1,0,15.7,8,0,44,True,False,73
U0097,2026-02-21,社交媒体,试用版,已浏览,66,1,0.0,0,0,0,20.8,1,0,47,False,True,100
U0098,2026-03-01,自然搜索,试用版,已注册,41,1,0.0,0,0,0,40.7,1,0,39,False,False,100
U0099,2026-04-06,自然搜索,专业版,已浏览,35,1,0.0,1,0,0,43.4,1,0,3,True,True,95
U0100,2026-03-30,自然搜索,试用版,已活跃,5,29,0.0,24,6,2,21.1,15,4,10,True,False,35
U0101,2026-04-06,自然搜索,试用版,已浏览,61,1,0.0,1,0,0,34.3,1,11,3,True,False,100
U0102,2026-02-11,自然搜索,企业版,已活跃,8,27,0.0,27,11,2,24.9,15,0,57,True,False,28
U0103,2026-03-12,自然搜索,专业版,已活跃,3,5,0.0,4,0,0,25.1,2,0,28,True,False,23
U0104,2026-02-22,自然搜索,企业版,已活跃,0,11,0.0,12,3,0,14.0,8,0,46,True,False,20
U0105,2026-01-18,自然搜索,企业版,已浏览,83,1,0.0,1,0,0,11.3,1,0,81,True,False,100
U0106,2026-03-17,付费广告,试用版,首次使用,12,3,0.0,3,0,0,14.4,2,0,23,True,False,62
U0107,2026-03-03,自然搜索,试用版,已注册,48,1,0.0,0,0,0,25.9,1,0,37,False,False,100
U0108,2026-01-31,付费广告,专业版,已付费,1,27,398.18,48,21,4,3.3,15,0,68,True,True,1
U0109,2026-03-19,付费广告,免费版,已浏览,35,1,0.0,1,0,0,41.0,1,0,21,True,False,95
U0110,2026-04-02,社交媒体,试用版,首次使用,39,5,0.0,4,0,0,8.7,7,7,7,True,False,89
U0111,2026-03-14,自然搜索,专业版,已付费,6,93,382.98,97,30,17,11.5,15,0,26,True,False,6
U0112,2026-03-25,直接访问,试用版,首次使用,29,10,0.0,7,3,0,24.3,6,0,15,True,False,79
U0113,2026-01-16,社交媒体,试用版,首次使用,32,7,0.0,6,2,0,32.5,4,0,83,True,False,82
U0114,2026-01-27,自然搜索,免费版,首次使用,19,5,0.0,4,0,0,6.1,4,0,72,True,True,59
U0115,2026-02-11,直接访问,免费版,首次使用,13,3,0.0,3,0,0,15.7,1,0,57,True,False,53
U0116,2026-01-21,推荐,免费版,已活跃,11,7,0.0,12,3,1,43.7,6,0,78,True,True,31
U0117,2026-01-27,自然搜索,试用版,已付费,10,52,978.81,73,24,1,13.3,15,0,72,True,False,20
U0118,2026-03-23,自然搜索,专业版,已付费,9,69,429.12,72,29,9,15.5,15,0,17,True,True,9
U0119,2026-01-19,直接访问,试用版,首次使用,39,1,0.0,1,0,0,38.0,1,0,80,True,True,89
U0120,2026-02-19,社交媒体,试用版,已活跃,3,8,0.0,9,4,0,4.2,7,0,49,True,False,33
U0121,2026-01-27,自然搜索,专业版,已活跃,12,31,0.0,23,2,4,22.0,15,0,72,True,False,32
U0122,2026-01-19,自然搜索,企业版,已浏览,84,1,0.0,1,0,0,18.3,1,0,80,True,True,100
U0123,2026-03-11,付费广告,专业版,已付费,10,39,188.55,35,3,1,15.6,15,0,29,True,False,10
U0124,2026-03-30,付费广告,专业版,已付费,8,104,788.94,77,19,12,14.3,15,0,10,True,True,8
U0125,2026-03-19,社交媒体,免费版,已浏览,34,1,0.0,1,0,0,5.9,1,0,21,True,True,94
U0126,2026-03-01,付费广告,免费版,已活跃,12,20,0.0,22,6,3,15.5,15,0,39,True,False,32
U0127,2026-01-26,付费广告,试用版,已浏览,31,1,0.0,1,0,0,3.9,1,0,73,True,False,100
U0128,2026-01-22,社交媒体,免费版,已活跃,6,17,0.0,17,6,1,35.6,15,0,77,True,True,26
U0129,2026-04-08,自然搜索,试用版,已注册,87,1,0.0,0,0,0,19.1,1,13,1,False,True,100
U0130,2026-02-22,自然搜索,试用版,首次使用,39,4,0.0,5,2,0,21.1,6,0,46,True,True,89
U0131,2026-03-02,社交媒体,专业版,已付费,6,102,968.65,88,42,9,40.4,15,0,38,True,True,6
U0132,2026-03-20,直接访问,免费版,首次使用,44,3,0.0,6,1,0,30.3,7,0,20,True,False,84
U0133,2026-03-29,付费广告,试用版,首次使用,22,4,0.0,4,1,0,2.3,7,3,11,True,False,72
U0134,2026-03-09,付费广告,试用版,已活跃,13,21,0.0,16,4,3,42.6,15,0,31,True,True,43
U0135,2026-01-15,自然搜索,免费版,已付费,12,43,4864.34,36,3,3,12.2,15,0,84,True,False,12
U0136,2026-03-11,付费广告,试用版,已浏览,55,1,0.0,0,0,0,6.6,1,0,29,False,False,100
U0137,2026-02-21,付费广告,专业版,已活跃,2,14,0.0,11,4,1,35.0,15,0,47,True,True,22
U0138,2026-02-05,自然搜索,免费版,已浏览,44,1,0.0,1,0,0,23.5,1,0,63,True,False,100
U0139,2026-03-07,自然搜索,免费版,已付费,2,96,4391.82,67,9,2,20.7,15,0,33,True,False,2
U0140,2026-01-12,付费广告,免费版,已付费,6,48,3202.56,37,16,3,12.7,15,0,87,True,True,6
U0141,2026-01-13,自然搜索,专业版,已付费,12,41,729.78,35,10,5,25.5,15,0,86,True,True,12
U0142,2026-03-17,付费广告,试用版,已活跃,1,9,0.0,19,8,1,13.8,10,0,23,True,False,31
U0143,2026-02-23,自然搜索,免费版,已活跃,0,3,0.0,4,1,0,40.8,7,0,45,True,False,20
U0144,2026-03-13,付费广告,免费版,已活跃,8,28,0.0,27,8,0,11.3,15,0,27,True,True,28
U0145,2026-03-14,自然搜索,试用版,已注册,70,1,0.0,0,0,0,40.0,1,0,26,False,True,100
U0146,2026-04-05,直接访问,专业版,已付费,6,9,355.69,12,2,2,26.1,15,0,4,True,False,6
U0147,2026-02-13,社交媒体,专业版,首次使用,13,5,0.0,4,1,0,37.6,3,0,55,True,False,53
U0148,2026-02-23,社交媒体,免费版,已付费,2,70,3337.47,51,9,2,32.7,15,0,45,True,False,2
U0149,2026-04-04,直接访问,专业版,已付费,9,20,509.08,15,7,1,32.0,14,0,5,True,False,9
U0150,2026-03-15,付费广告,专业版,已付费,1,43,532.82,48,15,7,15.9,15,0,25,True,True,1
U0151,2026-01-18,自然搜索,专业版,已注册,72,1,0.0,0,0,0,12.1,1,0,81,False,False,100
U0152,2026-03-18,付费广告,专业版,已活跃,6,12,0.0,22,3,2,11.1,15,0,22,True,False,26
U0153,2026-03-27,社交媒体,免费版,首次使用,7,5,0.0,7,1,1,38.9,9,0,13,True,False,47
U0154,2026-02-24,社交媒体,免费版,首次使用,20,1,0.0,1,0,0,37.3,1,0,44,True,True,60
U0155,2026-01-11,付费广告,免费版,已注册,81,1,0.0,0,0,0,20.9,1,0,88,False,False,100
U0156,2026-03-18,自然搜索,专业版,已付费,5,83,781.0,59,15,9,7.7,15,0,22,True,False,5
U0157,2026-02-08,自然搜索,试用版,首次使用,16,3,0.0,3,0,0,18.4,5,0,60,True,False,66
U0158,2026-01-31,付费广告,专业版,已活跃,6,16,0.0,21,3,1,28.6,15,0,68,True,False,26
U0159,2026-03-18,社交媒体,专业版,已活跃,9,4,0.0,7,2,0,21.5,13,0,22,True,True,29
U0160,2026-02-03,社交媒体,试用版,首次使用,40,3,0.0,3,0,0,35.5,2,0,65,True,False,90
U0161,2026-03-07,付费广告,专业版,已付费,13,10,352.73,20,8,3,44.9,15,0,33,True,False,13
U0162,2026-02-11,推荐,试用版,首次使用,42,5,0.0,4,0,0,10.2,3,0,57,True,False,92
U0163,2026-02-11,社交媒体,试用版,已付费,4,75,1930.18,83,20,4,21.8,15,0,57,True,False,14
U0164,2026-02-20,自然搜索,专业版,已活跃,13,9,0.0,10,2,1,20.5,14,0,48,True,False,33
U0165,2026-03-31,自然搜索,试用版,已付费,11,29,4659.89,33,9,3,15.1,15,5,9,True,False,21
U0166,2026-01-24,自然搜索,专业版,已付费,0,28,149.6,50,24,2,10.5,15,0,75,True,False,0
U0167,2026-03-11,自然搜索,专业版,已活跃,0,6,0.0,6,1,0,4.8,4,0,29,True,True,20
U0168,2026-03-23,自然搜索,免费版,已付费,9,115,2684.35,94,12,8,40.1,15,0,17,True,False,9
U0169,2026-04-05,自然搜索,试用版,已注册,80,1,0.0,0,0,0,20.1,1,10,4,False,True,100
U0170,2026-02-15,自然搜索,试用版,已活跃,9,6,0.0,10,1,0,23.4,11,0,53,True,False,39
U0171,2026-02-07,自然搜索,免费版,首次使用,18,7,0.0,7,0,0,41.4,10,0,61,True,False,58
U0172,2026-04-07,直接访问,企业版,已付费,7,19,4606.6,18,8,2,35.4,15,0,2,True,False,7
U0173,2026-02-22,自然搜索,免费版,已付费,8,76,3245.63,56,22,3,7.6,15,0,46,True,False,8
U0174,2026-03-19,付费广告,试用版,已活跃,13,14,0.0,17,8,2,26.3,15,0,21,True,False,43
U0175,2026-02-10,付费广告,免费版,已活跃,10,15,0.0,18,5,1,21.0,15,0,58,True,True,30
U0176,2026-03-24,推荐,免费版,首次使用,34,6,0.0,6,1,0,36.3,11,0,16,True,False,74
U0177,2026-02-06,自然搜索,专业版,已浏览,46,1,0.0,1,0,0,33.1,1,0,62,True,True,100
U0178,2026-03-05,付费广告,试用版,首次使用,8,1,0.0,2,0,0,31.7,2,0,35,True,True,58
U0179,2026-01-15,推荐,专业版,首次使用,42,1,0.0,2,0,0,16.6,2,0,84,True,False,82
U0180,2026-03-27,直接访问,免费版,已活跃,1,21,0.0,22,5,2,36.6,15,0,13,True,True,21
U0181,2026-03-09,直接访问,企业版,已活跃,6,10,0.0,8,3,1,4.3,11,0,31,True,True,26
U0182,2026-03-29,自然搜索,试用版,已付费,12,20,2957.83,21,8,3,8.9,11,3,11,True,False,22
U0183,2026-01-16,自然搜索,免费版,已活跃,8,5,0.0,4,0,0,16.4,3,0,83,True,False,28
U0184,2026-01-20,社交媒体,企业版,已付费,6,16,1622.85,16,4,3,5.3,15,0,79,True,False,6
U0185,2026-03-17,推荐,试用版,已注册,89,1,0.0,0,0,0,12.1,1,0,23,False,False,100
U0186,2026-02-09,社交媒体,企业版,已付费,5,118,2043.74,89,17,4,37.7,15,0,59,True,False,5
U0187,2026-01-26,社交媒体,免费版,已付费,9,10,4333.22,12,5,0,42.8,12,0,73,True,False,9
U0188,2026-02-18,自然搜索,试用版,首次使用,39,6,0.0,5,1,0,15.1,6,0,50,True,True,89
U0189,2026-02-20,直接访问,试用版,首次使用,17,1,0.0,3,0,0,13.4,1,0,48,True,False,67
U0190,2026-03-18,自然搜索,专业版,已付费,9,51,602.3,36,11,1,14.0,15,0,22,True,False,9
U0191,2026-03-31,付费广告,试用版,已浏览,54,1,0.0,1,0,0,13.9,1,5,9,True,False,100
U0192,2026-01-19,付费广告,免费版,已活跃,4,7,0.0,13,2,2,3.5,15,0,80,True,False,24
U0193,2026-01-18,付费广告,试用版,已浏览,77,1,0.0,1,0,0,41.9,1,0,81,True,False,100
U0194,2026-02-11,自然搜索,免费版,已浏览,72,1,0.0,1,0,0,11.2,1,0,57,True,True,100
U0195,2026-03-09,自然搜索,试用版,已浏览,82,1,0.0,0,0,0,20.1,1,0,31,False,False,100
U0196,2026-03-08,社交媒体,专业版,已浏览,67,1,0.0,1,0,0,2.4,1,0,32,True,False,100
U0197,2026-02-03,自然搜索,企业版,已注册,70,1,0.0,0,0,0,38.9,1,0,65,False,False,100
U0198,2026-01-19,社交媒体,企业版,首次使用,30,1,0.0,1,0,0,33.4,1,0,80,True,True,70
U0199,2026-01-20,自然搜索,专业版,已付费,7,15,562.27,17,7,0,42.7,15,0,79,True,False,7
U0200,2026-01-29,付费广告,试用版,首次使用,39,3,0.0,5,1,0,35.6,8,0,70,True,False,89
U0201,2026-02-10,付费广告,专业版,已付费,0,22,188.62,41,16,6,15.5,15,0,58,True,True,0
U0202,2026-04-01,自然搜索,试用版,首次使用,30,4,0.0,4,0,0,12.7,2,6,8,True,True,80
U0203,2026-03-25,付费广告,试用版,已浏览,66,1,0.0,1,0,0,32.0,1,0,15,True,False,100
U0204,2026-01-19,自然搜索,试用版,首次使用,8,4,0.0,3,1,0,17.7,4,0,80,True,False,58
U0205,2026-02-14,自然搜索,免费版,首次使用,38,2,0.0,5,2,0,26.3,5,0,54,True,False,78
U0206,2026-04-08,推荐,专业版,首次使用,30,4,0.0,4,0,0,2.3,2,0,1,True,True,70
U0207,2026-03-30,付费广告,免费版,已活跃,8,4,0.0,8,2,0,4.7,8,0,10,True,False,28
U0208,2026-02-08,直接访问,免费版,已浏览,33,1,0.0,1,0,0,25.0,1,0,60,True,False,93
U0209,2026-04-08,自然搜索,试用版,首次使用,23,5,0.0,6,1,1,26.3,5,13,1,True,True,73
U0210,2026-03-25,社交媒体,企业版,已付费,0,26,571.13,28,7,0,34.3,15,0,15,True,False,0
U0211,2026-02-19,直接访问,免费版,已浏览,82,1,0.0,1,0,0,7.7,1,0,49,True,True,100
U0212,2026-02-06,社交媒体,免费版,已注册,79,1,0.0,0,0,0,24.1,1,0,62,False,True,100
U0213,2026-02-09,付费广告,试用版,已活跃,13,12,0.0,11,3,1,10.4,15,0,59,True,False,43
U0214,2026-03-20,付费广告,专业版,已活跃,7,20,0.0,14,1,1,6.0,14,0,20,True,False,27
U0215,2026-02-04,付费广告,免费版,已注册,87,1,0.0,0,0,0,19.7,1,0,64,False,True,100
U0216,2026-03-18,推荐,试用版,已付费,10,21,4835.58,20,5,0,9.0,15,0,22,True,False,20
U0217,2026-03-11,直接访问,试用版,已注册,50,1,0.0,0,0,0,11.5,1,0,29,False,True,100
U0218,2026-02-01,推荐,免费版,已活跃,4,18,0.0,16,7,1,15.7,15,0,67,True,True,24
U0219,2026-02-10,自然搜索,免费版,已付费,1,14,2195.44,25,11,3,13.2,15,0,58,True,True,1
U0220,2026-01-23,社交媒体,试用版,已浏览,84,1,0.0,0,0,0,5.8,1,0,76,False,False,100
U0221,2026-02-09,推荐,企业版,首次使用,35,4,0.0,7,0,0,5.9,12,0,59,True,False,75
U0222,2026-02-17,自然搜索,试用版,已注册,53,1,0.0,0,0,0,10.3,1,0,51,False,False,100
U0223,2026-03-31,自然搜索,免费版,首次使用,16,6,0.0,5,1,0,4.2,6,0,9,True,False,56
U0224,2026-03-07,社交媒体,企业版,首次使用,23,3,0.0,7,1,0,28.9,3,0,33,True,False,63
U0225,2026-03-16,社交媒体,免费版,已活跃,1,16,0.0,23,6,0,14.4,15,0,24,True,True,21
U0226,2026-03-18,直接访问,免费版,已注册,71,1,0.0,0,0,0,14.0,1,0,22,False,False,100
U0227,2026-01-12,自然搜索,试用版,首次使用,26,5,0.0,5,1,0,16.3,8,0,87,True,False,76
U0228,2026-03-05,直接访问,试用版,已付费,4,29,3213.46,39,10,7,30.5,15,0,35,True,False,14
U0229,2026-01-19,自然搜索,企业版,已付费,12,26,857.72,22,7,1,39.4,15,0,80,True,True,12
U0230,2026-02-11,自然搜索,免费版,已活跃,1,4,0.0,4,1,0,34.6,5,0,57,True,False,21
U0231,2026-01-28,自然搜索,专业版,已活跃,0,6,0.0,6,1,0,33.3,4,0,71,True,True,20
U0232,2026-02-23,直接访问,试用版,首次使用,15,5,0.0,4,1,0,22.8,4,0,45,True,False,65
U0233,2026-02-16,社交媒体,试用版,首次使用,20,7,0.0,6,2,0,31.8,5,0,52,True,False,70
U0234,2026-02-24,付费广告,试用版,首次使用,35,1,0.0,2,0,0,25.8,3,0,44,True,True,85
U0235,2026-03-22,付费广告,免费版,已浏览,60,1,0.0,0,0,0,11.3,1,0,18,False,False,100
U0236,2026-02-03,直接访问,试用版,已活跃,3,40,0.0,29,9,3,11.0,15,0,65,True,True,33
U0237,2026-03-15,付费广告,专业版,已活跃,1,15,0.0,25,8,0,14.7,15,0,25,True,False,21
U0238,2026-04-06,直接访问,免费版,已浏览,88,1,0.0,1,0,0,41.2,1,0,3,True,False,100
U0239,2026-02-10,付费广告,企业版,已活跃,3,20,0.0,29,8,5,25.5,15,0,58,True,True,23
U0240,2026-03-24,付费广告,试用版,首次使用,15,5,0.0,5,2,0,33.6,9,0,16,True,True,65
U0241,2026-01-15,付费广告,专业版,已付费,12,37,713.8,34,4,6,16.9,15,0,84,True,False,12
U0242,2026-01-14,付费广告,专业版,已付费,10,13,938.31,12,1,1,19.5,7,0,85,True,True,10
U0243,2026-01-17,社交媒体,专业版,已付费,11,110,617.1,77,27,4,7.4,15,0,82,True,True,11
U0244,2026-03-07,付费广告,专业版,已注册,66,1,0.0,0,0,0,9.4,1,0,33,False,True,100
U0245,2026-04-07,自然搜索,专业版,已活跃,6,16,0.0,27,5,1,37.6,15,0,2,True,False,26
U0246,2026-01-16,直接访问,免费版,首次使用,25,3,0.0,4,0,0,27.1,5,0,83,True,False,65
U0247,2026-03-01,付费广告,试用版,已注册,55,1,0.0,0,0,0,16.5,1,0,39,False,True,100
U0248,2026-01-12,付费广告,试用版,已浏览,81,1,0.0,1,0,0,36.5,1,0,87,True,True,100
U0249,2026-01-13,推荐,企业版,已付费,9,40,1066.52,35,17,3,12.6,15,0,86,True,True,9
U0250,2026-01-23,社交媒体,免费版,已浏览,54,1,0.0,1,0,0,44.0,1,0,76,True,True,100
U0251,2026-03-13,自然搜索,专业版,已付费,9,11,622.55,14,5,1,16.8,9,0,27,True,False,9
U0252,2026-03-05,推荐,免费版,已浏览,55,1,0.0,0,0,0,16.5,1,0,35,False,False,100
U0253,2026-01-23,社交媒体,试用版,已注册,75,1,0.0,0,0,0,15.4,1,0,76,False,True,100
U0254,2026-03-11,付费广告,试用版,已浏览,57,1,0.0,0,0,0,7.3,1,0,29,False,False,100
U0255,2026-03-24,自然搜索,免费版,已付费,0,12,3947.56,18,8,1,6.8,15,0,16,True,False,0
U0256,2026-02-18,直接访问,免费版,已付费,1,57,2327.87,59,18,2,29.9,15,0,50,True,False,1
U0257,2026-01-15,社交媒体,试用版,已付费,4,8,4458.27,15,5,1,39.6,15,0,84,True,False,14
U0258,2026-02-06,付费广告,免费版,首次使用,9,4,0.0,3,1,0,36.0,2,0,62,True,False,49
U0259,2026-02-17,直接访问,试用版,已注册,31,1,0.0,0,0,0,8.1,1,0,51,False,True,100
U0260,2026-03-31,直接访问,免费版,已活跃,0,13,0.0,14,3,0,25.5,15,0,9,True,True,20
U0261,2026-02-13,自然搜索,试用版,首次使用,25,1,0.0,1,0,0,6.5,1,0,55,True,True,75
U0262,2026-01-10,付费广告,专业版,已付费,0,29,682.81,20,6,3,3.9,15,0,89,True,True,0
U0263,2026-03-27,自然搜索,试用版,已注册,73,1,0.0,0,0,0,30.2,1,1,13,False,False,100
U0264,2026-02-21,社交媒体,免费版,首次使用,39,1,0.0,2,0,0,25.0,1,0,47,True,False,79
U0265,2026-01-20,自然搜索,试用版,已浏览,41,1,0.0,0,0,0,5.5,1,0,79,False,False,100
U0266,2026-02-02,社交媒体,试用版,已浏览,78,1,0.0,1,0,0,3.5,1,0,66,True,False,100
U0267,2026-02-05,直接访问,试用版,已活跃,7,9,0.0,14,1,2,44.6,15,0,63,True,False,37
U0268,2026-02-05,直接访问,免费版,首次使用,9,1,0.0,1,0,0,3.3,1,0,63,True,False,49
U0269,2026-03-08,付费广告,免费版,首次使用,32,3,0.0,5,0,0,21.1,5,0,32,True,True,72
U0270,2026-03-13,直接访问,试用版,已浏览,64,1,0.0,1,0,0,23.7,1,0,27,True,True,100
U0271,2026-01-26,自然搜索,免费版,首次使用,14,2,0.0,2,0,0,7.0,2,0,73,True,False,54
U0272,2026-01-26,直接访问,专业版,已付费,3,82,908.32,95,12,17,9.3,15,0,73,True,True,3
U0273,2026-01-21,自然搜索,专业版,已付费,3,10,660.15,12,1,0,17.1,15,0,78,True,False,3
U0274,2026-01-17,付费广告,试用版,已付费,4,68,1089.8,85,40,8,34.8,15,0,82,True,True,14
U0275,2026-02-22,直接访问,免费版,已活跃,5,41,0.0,28,12,5,23.8,15,0,46,True,False,25
U0276,2026-02-23,自然搜索,试用版,已浏览,36,1,0.0,1,0,0,29.4,1,0,45,True,False,100
U0277,2026-01-27,自然搜索,试用版,首次使用,42,6,0.0,5,2,0,44.4,7,0,72,True,True,92
U0278,2026-02-10,社交媒体,企业版,已活跃,7,33,0.0,26,9,5,35.0,15,0,58,True,False,27
U0279,2026-02-05,社交媒体,试用版,已浏览,83,1,0.0,1,0,0,20.7,1,0,63,True,True,100
U0280,2026-01-28,社交媒体,免费版,已付费,13,105,1892.61,71,18,3,21.2,15,0,71,True,False,13
U0281,2026-01-19,社交媒体,免费版,已注册,30,1,0.0,0,0,0,28.6,1,0,80,False,False,100
U0282,2026-03-09,付费广告,专业版,已付费,0,25,280.62,42,8,2,30.6,15,0,31,True,False,0
U0283,2026-03-06,自然搜索,免费版,首次使用,31,6,0.0,5,1,0,23.5,8,0,34,True,False,71
U0284,2026-03-31,付费广告,试用版,首次使用,16,3,0.0,3,0,0,29.7,2,5,9,True,True,66
U0285,2026-02-16,自然搜索,试用版,首次使用,22,4,0.0,4,0,0,3.0,3,0,52,True,False,72
U0286,2026-04-05,推荐,免费版,已付费,9,28,4588.72,43,13,4,20.5,15,0,4,True,False,9
U0287,2026-02-26,社交媒体,试用版,首次使用,14,1,0.0,1,0,0,14.0,1,0,42,True,False,64
U0288,2026-02-19,付费广告,试用版,首次使用,35,3,0.0,3,0,0,7.6,4,0,49,True,True,85
U0289,2026-03-14,付费广告,试用版,已注册,68,1,0.0,0,0,0,6.3,1,0,26,False,False,100
U0290,2026-02-15,推荐,试用版,首次使用,34,5,0.0,7,0,1,27.9,10,0,53,True,False,84
U0291,2026-04-06,自然搜索,试用版,已浏览,35,1,0.0,1,0,0,24.5,1,11,3,True,True,100
U0292,2026-04-05,社交媒体,试用版,已活跃,3,18,0.0,28,12,3,12.9,15,10,4,True,False,33
U0293,2026-01-25,付费广告,免费版,已活跃,6,17,0.0,13,4,0,22.3,15,0,74,True,True,26
U0294,2026-03-07,社交媒体,免费版,已活跃,8,25,0.0,27,3,5,23.2,14,0,33,True,False,28
U0295,2026-03-28,自然搜索,专业版,已注册,43,1,0.0,0,0,0,10.4,1,0,12,False,False,100
U0296,2026-02-21,直接访问,试用版,已注册,72,1,0.0,0,0,0,30.0,1,0,47,False,False,100
U0297,2026-01-30,推荐,试用版,已活跃,9,30,0.0,25,7,3,35.6,15,0,69,True,False,39
U0298,2026-03-20,社交媒体,试用版,已注册,55,1,0.0,0,0,0,36.0,1,0,20,False,False,100
U0299,2026-02-12,社交媒体,免费版,已注册,43,1,0.0,0,0,0,27.9,1,0,56,False,True,100
U0300,2026-04-01,推荐,专业版,已注册,36,1,0.0,0,0,0,24.0,1,0,8,False,True,100
U0301,2026-04-04,社交媒体,试用版,已付费,0,48,3920.8,57,10,7,4.6,15,9,5,True,False,10
U0302,2026-02-20,自然搜索,企业版,已付费,9,32,3542.79,31,13,4,14.4,15,0,48,True,True,9
U0303,2026-02-19,社交媒体,试用版,已浏览,86,1,0.0,0,0,0,6.0,1,0,49,False,True,100
U0304,2026-02-11,社交媒体,免费版,首次使用,26,5,0.0,5,1,0,43.4,2,0,57,True,False,66
U0305,2026-02-03,付费广告,专业版,已活跃,2,9,0.0,14,2,1,7.8,11,0,65,True,True,22
U0306,2026-01-12,社交媒体,专业版,已付费,3,10,369.87,20,4,2,8.5,15,0,87,True,True,3
U0307,2026-02-22,推荐,专业版,已付费,3,15,264.64,24,2,3,40.3,15,0,46,True,False,3
U0308,2026-03-11,推荐,专业版,首次使用,32,3,0.0,3,0,0,42.6,5,0,29,True,True,72
U0309,2026-01-28,付费广告,试用版,已浏览,40,1,0.0,0,0,0,34.9,1,0,71,False,False,100
U0310,2026-03-15,自然搜索,专业版,已浏览,31,1,0.0,0,0,0,2.2,1,0,25,False,False,91
U0311,2026-02-28,推荐,试用版,首次使用,20,2,0.0,4,0,0,2.1,6,0,40,True,False,70
U0312,2026-04-02,直接访问,专业版,已付费,11,25,779.81,25,2,1,18.3,15,0,7,True,True,11
U0313,2026-04-06,自然搜索,免费版,首次使用,36,1,0.0,2,0,0,8.2,2,0,3,True,False,76
U0314,2026-01-13,推荐,专业版,已注册,78,1,0.0,0,0,0,2.8,1,0,86,False,False,100
U0315,2026-01-24,直接访问,免费版,已注册,41,1,0.0,0,0,0,22.0,1,0,75,False,False,100
U0316,2026-02-06,付费广告,免费版,已付费,9,89,2632.71,75,13,14,42.6,15,0,62,True,True,9
U0317,2026-03-03,社交媒体,免费版,首次使用,39,3,0.0,3,1,0,15.9,3,0,37,True,False,79
U0318,2026-03-24,付费广告,专业版,已付费,12,30,302.21,49,21,7,30.4,15,0,16,True,False,12
U0319,2026-03-26,自然搜索,试用版,首次使用,20,5,0.0,4,1,0,30.0,2,0,14,True,False,70
U0320,2026-03-17,付费广告,试用版,已浏览,53,1,0.0,0,0,0,12.8,1,0,23,False,False,100
U0321,2026-02-19,直接访问,试用版,已浏览,63,1,0.0,0,0,0,30.0,1,0,49,False,False,100
U0322,2026-02-04,自然搜索,试用版,已注册,73,1,0.0,0,0,0,11.1,1,0,64,False,False,100
U0323,2026-02-09,付费广告,专业版,已付费,9,80,653.96,79,24,7,7.2,15,0,59,True,True,9
U0324,2026-03-15,付费广告,试用版,已活跃,4,15,0.0,11,3,2,32.2,15,0,25,True,False,34
U0325,2026-01-14,付费广告,企业版,已付费,11,40,680.5,29,5,3,6.9,15,0,85,True,True,11
U0326,2026-02-02,推荐,试用版,首次使用,42,5,0.0,4,0,0,44.9,5,0,66,True,False,92
U0327,2026-02-18,付费广告,试用版,已注册,69,1,0.0,0,0,0,9.9,1,0,50,False,True,100
U0328,2026-02-13,付费广告,专业版,已付费,1,12,392.55,10,3,1,27.5,10,0,55,True,False,1
U0329,2026-03-02,社交媒体,免费版,已活跃,9,10,0.0,10,1,1,19.7,7,0,38,True,True,29
U0330,2026-03-17,付费广告,免费版,首次使用,15,9,0.0,7,3,1,7.4,5,0,23,True,False,55
U0331,2026-03-08,自然搜索,免费版,已付费,6,86,2607.51,96,37,5,3.2,15,0,32,True,False,6
U0332,2026-01-31,付费广告,专业版,已付费,12,105,232.16,72,18,10,28.8,15,0,68,True,True,12
U0333,2026-04-07,自然搜索,试用版,首次使用,29,4,0.0,3,0,0,36.7,3,12,2,True,True,79
U0334,2026-03-29,自然搜索,企业版,已付费,0,16,4929.95,13,5,1,38.2,6,0,11,True,True,0
U0335,2026-04-04,付费广告,企业版,已付费,13,52,1439.94,67,28,5,22.8,15,0,5,True,False,13
U0336,2026-04-05,付费广告,免费版,已活跃,11,17,0.0,27,10,4,35.4,15,0,4,True,False,31
U0337,2026-01-22,推荐,试用版,已注册,31,1,0.0,0,0,0,30.9,1,0,77,False,False,100
U0338,2026-02-05,付费广告,免费版,首次使用,26,4,0.0,7,1,1,33.1,12,0,63,True,True,66
U0339,2026-02-25,社交媒体,试用版,已付费,3,63,1085.59,47,6,8,23.2,15,0,43,True,False,13
U0340,2026-03-31,社交媒体,试用版,已浏览,88,1,0.0,0,0,0,29.2,1,5,9,False,False,100
U0341,2026-02-24,自然搜索,试用版,已浏览,75,1,0.0,0,0,0,36.6,1,0,44,False,False,100
U0342,2026-02-25,社交媒体,免费版,首次使用,9,7,0.0,5,1,0,19.1,3,0,43,True,False,49
U0343,2026-03-24,自然搜索,专业版,已活跃,6,5,0.0,5,1,0,36.7,7,0,16,True,True,26
U0344,2026-03-01,推荐,专业版,已付费,11,71,282.18,66,30,4,27.5,15,0,39,True,True,11
U0345,2026-03-04,自然搜索,专业版,已付费,7,65,791.16,62,20,7,9.1,15,0,36,True,True,7
U0346,2026-02-13,付费广告,免费版,已浏览,31,1,0.0,1,0,0,3.1,1,0,55,True,True,91
U0347,2026-02-11,自然搜索,试用版,已注册,65,1,0.0,0,0,0,17.6,1,0,57,False,True,100
U0348,2026-04-04,推荐,试用版,已浏览,43,1,0.0,1,0,0,25.5,1,9,5,True,True,100
U0349,2026-03-06,付费广告,企业版,已付费,2,33,2413.78,23,3,3,38.1,15,0,34,True,False,2
U0350,2026-02-12,社交媒体,试用版,首次使用,40,5,0.0,4,1,0,7.5,2,0,56,True,False,90
U0351,2026-02-23,自然搜索,专业版,已活跃,11,11,0.0,14,6,0,36.4,15,0,45,True,False,31
U0352,2026-01-22,社交媒体,免费版,已付费,12,31,3043.37,26,3,4,39.1,15,0,77,True,False,12
U0353,2026-02-09,自然搜索,免费版,已付费,13,51,593.54,48,15,1,8.5,15,0,59,True,False,13
U0354,2026-03-25,直接访问,专业版,已付费,5,15,129.99,18,8,1,38.6,15,0,15,True,True,5
U0355,2026-04-02,自然搜索,免费版,已付费,12,128,2505.21,86,28,1,44.6,15,0,7,True,False,12
U0356,2026-02-10,自然搜索,专业版,已活跃,3,8,0.0,17,7,0,33.3,15,0,58,True,True,23
U0357,2026-04-06,自然搜索,企业版,已付费,5,68,4173.95,91,43,16,35.7,15,0,3,True,False,5
U0358,2026-02-15,付费广告,免费版,首次使用,24,3,0.0,3,0,0,44.8,5,0,53,True,True,64
U0359,2026-01-15,社交媒体,试用版,已活跃,11,3,0.0,3,0,0,28.0,1,0,84,True,False,41
U0360,2026-02-16,自然搜索,免费版,已活跃,3,8,0.0,8,3,0,15.2,14,0,52,True,True,23
U0361,2026-03-05,直接访问,企业版,已付费,10,40,4482.57,32,11,4,38.0,15,0,35,True,True,10
U0362,2026-02-10,付费广告,试用版,首次使用,36,3,0.0,3,0,0,28.4,1,0,58,True,False,86
U0363,2026-02-27,付费广告,免费版,已浏览,82,1,0.0,0,0,0,27.0,1,0,41,False,True,100
U0364,2026-02-19,付费广告,免费版,已活跃,2,2,0.0,4,1,0,12.9,3,0,49,True,False,22
U0365,2026-01-15,付费广告,专业版,已付费,7,48,177.04,55,25,9,34.5,15,0,84,True,False,7
U0366,2026-03-05,社交媒体,试用版,已付费,6,34,2921.63,47,20,4,5.5,15,0,35,True,False,16
U0367,2026-01-13,自然搜索,专业版,已注册,61,1,0.0,0,0,0,41.7,1,0,86,False,False,100
U0368,2026-01-18,自然搜索,企业版,首次使用,25,6,0.0,6,0,0,16.0,4,0,81,True,False,65
U0369,2026-03-22,直接访问,试用版,已注册,35,1,0.0,0,0,0,7.5,1,0,18,False,True,100
U0370,2026-04-02,推荐,试用版,已活跃,3,4,0.0,6,2,0,21.0,7,7,7,True,False,33
U0371,2026-03-31,付费广告,企业版,已付费,10,59,4608.53,81,14,9,3.8,15,0,9,True,False,10
U0372,2026-04-07,自然搜索,试用版,已浏览,82,1,0.0,1,0,0,31.4,1,12,2,True,False,100
U0373,2026-03-31,社交媒体,专业版,已付费,10,63,448.18,44,6,8,40.8,15,0,9,True,True,10
U0374,2026-02-07,付费广告,免费版,已付费,4,31,4232.05,28,10,2,38.0,15,0,61,True,False,4
U0375,2026-04-02,自然搜索,试用版,已活跃,6,22,0.0,16,7,2,7.5,15,7,7,True,False,36
U0376,2026-03-11,自然搜索,专业版,已付费,10,119,219.33,93,19,9,7.4,15,0,29,True,False,10
U0377,2026-01-23,社交媒体,免费版,已活跃,4,20,0.0,19,5,1,37.0,15,0,76,True,False,24
U0378,2026-04-06,社交媒体,免费版,已活跃,10,13,0.0,27,9,4,41.7,15,0,3,True,True,30
U0379,2026-01-26,自然搜索,试用版,已浏览,44,1,0.0,1,0,0,21.8,1,0,73,True,False,100
U0380,2026-03-14,自然搜索,免费版,已活跃,2,31,0.0,26,3,4,23.5,15,0,26,True,False,22
U0381,2026-03-29,自然搜索,试用版,首次使用,11,6,0.0,6,1,1,15.7,3,3,11,True,False,61
U0382,2026-02-05,社交媒体,试用版,已活跃,6,35,0.0,28,7,4,40.5,15,0,63,True,False,36
U0383,2026-02-12,自然搜索,企业版,已付费,4,97,4708.28,96,42,2,29.7,15,0,56,True,True,4
U0384,2026-01-20,自然搜索,试用版,已活跃,4,28,0.0,24,6,3,14.4,15,0,79,True,False,34
U0385,2026-02-02,直接访问,免费版,已浏览,38,1,0.0,1,0,0,14.8,1,0,66,True,False,98
U0386,2026-01-27,自然搜索,试用版,首次使用,21,1,0.0,1,0,0,40.3,1,0,72,True,False,71
U0387,2026-03-14,社交媒体,专业版,已注册,32,1,0.0,0,0,0,2.6,1,0,26,False,False,100
U0388,2026-03-24,自然搜索,试用版,已浏览,58,1,0.0,0,0,0,15.9,1,0,16,False,True,100
U0389,2026-02-01,自然搜索,企业版,已付费,5,70,3880.4,60,26,6,25.8,15,0,67,True,False,5
U0390,2026-01-27,自然搜索,免费版,已付费,0,15,4735.0,12,2,1,8.4,9,0,72,True,True,0
U0391,2026-01-10,社交媒体,试用版,已注册,55,1,0.0,0,0,0,6.0,1,0,89,False,False,100
U0392,2026-03-03,直接访问,试用版,首次使用,27,2,0.0,2,0,0,37.1,3,0,37,True,False,77
U0393,2026-03-06,直接访问,试用版,已活跃,7,15,0.0,21,8,2,40.5,15,0,34,True,False,37
U0394,2026-01-29,付费广告,免费版,已浏览,50,1,0.0,0,0,0,37.4,1,0,70,False,False,100
U0395,2026-03-09,社交媒体,试用版,首次使用,17,3,0.0,4,1,0,40.6,5,0,31,True,False,67
U0396,2026-01-16,自然搜索,专业版,已付费,5,118,707.96,93,36,11,25.8,15,0,83,True,False,5
U0397,2026-01-22,自然搜索,免费版,已活跃,7,9,0.0,15,5,0,36.9,15,0,77,True,False,27
U0398,2026-03-01,直接访问,试用版,已浏览,71,1,0.0,0,0,0,18.5,1,0,39,False,True,100
U0399,2026-02-01,自然搜索,免费版,首次使用,30,4,0.0,6,2,0,30.6,11,0,67,True,True,70
U0400,2026-01-31,自然搜索,专业版,已付费,12,97,426.06,72,8,7,44.5,15,0,68,True,True,12
U0401,2026-03-30,自然搜索,试用版,首次使用,41,1,0.0,1,0,0,11.7,1,4,10,True,False,91
U0402,2026-01-18,自然搜索,试用版,已注册,84,1,0.0,0,0,0,18.8,1,0,81,False,True,100
U0403,2026-02-23,自然搜索,试用版,已活跃,13,37,0.0,29,4,2,22.6,15,0,45,True,False,43
U0404,2026-01-25,社交媒体,专业版,已注册,84,1,0.0,0,0,0,7.9,1,0,74,False,False,100
U0405,2026-03-11,付费广告,免费版,已活跃,13,17,0.0,25,12,0,5.5,15,0,29,True,False,33
U0406,2026-01-19,直接访问,免费版,已浏览,39,1,0.0,0,0,0,37.7,1,0,80,False,False,99
U0407,2026-03-05,直接访问,专业版,已付费,11,27,943.36,28,10,5,44.0,15,0,35,True,False,11
U0408,2026-04-08,付费广告,专业版,已活跃,5,21,0.0,17,4,0,19.4,12,0,1,True,True,25
U0409,2026-01-18,自然搜索,免费版,首次使用,40,5,0.0,4,1,0,5.8,5,0,81,True,False,80
U0410,2026-03-31,付费广告,专业版,首次使用,16,4,0.0,6,0,0,4.8,5,0,9,True,False,56
U0411,2026-03-11,社交媒体,试用版,已浏览,87,1,0.0,1,0,0,40.3,1,0,29,True,True,100
U0412,2026-01-14,自然搜索,试用版,已活跃,0,9,0.0,8,2,1,21.9,4,0,85,True,False,30
U0413,2026-01-14,社交媒体,试用版,已付费,0,68,1739.05,62,26,9,15.8,15,0,85,True,False,10
U0414,2026-02-16,付费广告,试用版,已浏览,32,1,0.0,0,0,0,22.5,1,0,52,False,False,100
U0415,2026-02-11,社交媒体,免费版,首次使用,37,2,0.0,4,1,0,15.7,3,0,57,True,True,77
U0416,2026-02-28,付费广告,企业版,已付费,2,52,1993.78,49,6,8,23.0,15,0,40,True,False,2
U0417,2026-03-13,自然搜索,试用版,已活跃,0,21,0.0,19,7,0,39.0,15,0,27,True,True,30
U0418,2026-03-10,推荐,试用版,首次使用,18,4,0.0,6,1,1,27.5,10,0,30,True,True,68
U0419,2026-02-08,直接访问,免费版,首次使用,10,1,0.0,1,0,0,31.9,1,0,60,True,False,50
U0420,2026-02-01,自然搜索,企业版,已活跃,9,4,0.0,3,1,0,17.7,5,0,67,True,False,29
U0421,2026-01-28,直接访问,试用版,首次使用,19,5,0.0,4,1,0,33.8,5,0,71,True,False,69
U0422,2026-01-28,付费广告,免费版,已注册,63,1,0.0,0,0,0,30.7,1,0,71,False,True,100
U0423,2026-03-31,直接访问,试用版,首次使用,27,1,0.0,1,0,0,7.1,1,5,9,True,False,77
U0424,2026-02-23,直接访问,试用版,已浏览,51,1,0.0,1,0,0,26.6,1,0,45,True,False,100
U0425,2026-04-03,付费广告,企业版,已付费,8,104,3652.64,84,19,14,13.0,15,0,6,True,True,8
U0426,2026-02-19,自然搜索,企业版,已浏览,33,1,0.0,0,0,0,36.6,1,0,49,False,False,93
U0427,2026-02-28,自然搜索,试用版,首次使用,24,1,0.0,3,0,0,20.3,3,0,40,True,True,74
U0428,2026-01-19,付费广告,企业版,已活跃,4,8,0.0,11,4,1,44.8,8,0,80,True,False,24
U0429,2026-03-08,社交媒体,免费版,已活跃,2,26,0.0,29,13,3,6.0,15,0,32,True,False,22
U0430,2026-03-29,自然搜索,专业版,已浏览,31,1,0.0,1,0,0,35.6,1,0,11,True,True,91
U0431,2026-03-27,自然搜索,免费版,已活跃,11,9,0.0,11,2,0,31.0,6,0,13,True,True,31
U0432,2026-01-31,直接访问,免费版,已活跃,0,4,0.0,6,2,0,35.0,4,0,68,True,True,20
U0433,2026-02-12,推荐,免费版,已活跃,9,15,0.0,29,8,2,15.2,15,0,56,True,True,29
U0434,2026-03-31,付费广告,免费版,已活跃,1,6,0.0,6,1,1,23.2,3,0,9,True,False,21
U0435,2026-04-01,自然搜索,试用版,首次使用,12,4,0.0,4,0,0,36.2,4,6,8,True,False,62
U0436,2026-02-05,自然搜索,试用版,已活跃,7,11,0.0,10,1,1,12.0,12,0,63,True,True,37
U0437,2026-04-02,自然搜索,试用版,已浏览,80,1,0.0,1,0,0,11.7,1,7,7,True,True,100
U0438,2026-01-25,推荐,专业版,已付费,10,75,787.78,95,31,10,25.7,15,0,74,True,False,10
U0439,2026-02-05,自然搜索,试用版,首次使用,18,1,0.0,1,0,0,24.5,1,0,63,True,False,68
U0440,2026-04-01,社交媒体,免费版,已注册,38,1,0.0,0,0,0,14.1,1,0,8,False,True,100
U0441,2026-04-01,自然搜索,企业版,已浏览,31,1,0.0,1,0,0,14.8,1,0,8,True,True,91
U0442,2026-01-11,社交媒体,试用版,已浏览,37,1,0.0,0,0,0,13.9,1,0,88,False,False,100
U0443,2026-03-06,社交媒体,免费版,已活跃,9,35,0.0,25,6,2,35.2,15,0,34,True,True,29
U0444,2026-03-07,直接访问,免费版,已活跃,10,15,0.0,18,4,0,30.0,15,0,33,True,True,30
U0445,2026-01-26,自然搜索,专业版,已付费,11,67,935.46,71,16,5,37.8,15,0,73,True,False,11
U0446,2026-01-14,自然搜索,试用版,首次使用,42,1,0.0,1,0,0,43.9,1,0,85,True,False,92
U0447,2026-01-11,自然搜索,免费版,首次使用,16,6,0.0,6,1,0,22.4,5,0,88,True,False,56
U0448,2026-01-31,推荐,专业版,首次使用,27,3,0.0,4,1,0,4.9,2,0,68,True,False,67
U0449,2026-03-06,直接访问,企业版,已活跃,3,4,0.0,5,1,0,4.1,9,0,34,True,False,23
U0450,2026-04-01,社交媒体,免费版,首次使用,14,3,0.0,3,0,0,14.7,4,0,8,True,True,54
U0451,2026-01-29,社交媒体,免费版,已注册,65,1,0.0,0,0,0,42.1,1,0,70,False,False,100
U0452,2026-02-18,社交媒体,免费版,已浏览,58,1,0.0,1,0,0,24.5,1,0,50,True,True,100
U0453,2026-03-02,自然搜索,专业版,已付费,9,47,283.32,59,26,10,13.7,15,0,38,True,True,9
U0454,2026-01-18,推荐,免费版,已活跃,11,31,0.0,23,8,2,19.2,15,0,81,True,False,31
U0455,2026-03-30,付费广告,试用版,已付费,12,17,4089.99,30,9,4,27.7,15,4,10,True,False,22
U0456,2026-02-24,付费广告,企业版,已付费,13,116,3822.46,78,33,5,30.1,15,0,44,True,False,13
U0457,2026-04-07,付费广告,免费版,已活跃,5,18,0.0,18,6,2,8.6,15,0,2,True,False,25
U0458,2026-02-26,自然搜索,免费版,首次使用,27,5,0.0,4,0,0,44.0,4,0,42,True,True,67
U0459,2026-04-03,自然搜索,试用版,首次使用,28,7,0.0,5,0,0,25.4,8,8,6,True,True,78
U0460,2026-03-29,社交媒体,免费版,已活跃,4,4,0.0,5,0,0,7.8,3,0,11,True,False,24
U0461,2026-03-29,自然搜索,试用版,已注册,73,1,0.0,0,0,0,40.4,1,3,11,False,False,100
U0462,2026-02-10,社交媒体,免费版,首次使用,36,2,0.0,4,1,0,5.2,5,0,58,True,False,76
U0463,2026-02-01,自然搜索,试用版,已活跃,6,2,0.0,3,1,0,41.0,2,0,67,True,False,36
U0464,2026-02-16,付费广告,免费版,首次使用,26,6,0.0,5,1,0,44.9,8,0,52,True,False,66
U0465,2026-01-13,自然搜索,企业版,已付费,7,63,786.08,82,23,3,32.1,15,0,86,True,False,7
U0466,2026-03-06,付费广告,试用版,首次使用,29,4,0.0,5,0,0,35.1,7,0,34,True,True,79
U0467,2026-03-14,社交媒体,企业版,首次使用,13,1,0.0,1,0,0,16.5,1,0,26,True,False,53
U0468,2026-01-21,自然搜索,免费版,首次使用,15,5,0.0,4,1,0,42.5,6,0,78,True,False,55
U0469,2026-03-20,社交媒体,专业版,已活跃,0,3,0.0,5,2,0,24.8,4,0,20,True,True,20
U0470,2026-01-13,付费广告,专业版,已注册,55,1,0.0,0,0,0,33.5,1,0,86,False,False,100
U0471,2026-04-07,社交媒体,免费版,已注册,67,1,0.0,0,0,0,41.7,1,0,2,False,True,100
U0472,2026-01-12,推荐,专业版,已付费,5,126,447.5,90,32,13,43.9,15,0,87,True,False,5
U0473,2026-04-05,社交媒体,专业版,已活跃,5,4,0.0,4,1,0,37.8,2,0,4,True,True,25
U0474,2026-01-19,自然搜索,免费版,已活跃,12,20,0.0,26,8,5,15.0,15,0,80,True,False,32
U0475,2026-02-21,自然搜索,试用版,已浏览,73,1,0.0,1,0,0,43.6,1,0,47,True,True,100
U0476,2026-01-10,自然搜索,免费版,已付费,5,58,1771.44,74,13,11,29.0,15,0,89,True,False,5
U0477,2026-04-02,社交媒体,专业版,已活跃,11,6,0.0,10,3,1,42.0,15,0,7,True,True,31
U0478,2026-02-18,自然搜索,专业版,已活跃,9,21,0.0,15,5,2,31.1,15,0,50,True,True,29
U0479,2026-01-12,付费广告,专业版,已付费,6,123,373.04,96,44,9,15.2,15,0,87,True,False,6
U0480,2026-02-21,社交媒体,免费版,已付费,13,53,4922.26,56,24,8,17.9,15,0,47,True,False,13
U0481,2026-02-11,付费广告,专业版,首次使用,12,5,0.0,4,0,0,25.7,6,0,57,True,True,52
U0482,2026-02-06,直接访问,试用版,已活跃,0,17,0.0,24,5,1,36.0,15,0,62,True,True,30
U0483,2026-02-27,自然搜索,免费版,首次使用,44,4,0.0,4,1,0,15.7,5,0,41,True,False,84
U0484,2026-02-12,自然搜索,试用版,首次使用,30,8,0.0,6,1,0,26.9,3,0,56,True,False,80
U0485,2026-02-15,社交媒体,试用版,已注册,80,1,0.0,0,0,0,16.9,1,0,53,False,False,100
U0486,2026-01-18,付费广告,试用版,已注册,39,1,0.0,0,0,0,37.1,1,0,81,False,True,100
U0487,2026-04-04,社交媒体,试用版,已活跃,7,13,0.0,17,6,2,22.1,15,9,5,True,False,37
U0488,2026-03-14,付费广告,免费版,首次使用,14,5,0.0,7,2,0,5.3,12,0,26,True,True,54
U0489,2026-01-14,自然搜索,试用版,首次使用,27,1,0.0,1,0,0,9.1,1,0,85,True,True,77
U0490,2026-01-19,直接访问,免费版,已活跃,7,19,0.0,21,4,2,4.6,15,0,80,True,False,27
U0491,2026-02-27,直接访问,试用版,已活跃,5,34,0.0,28,10,5,23.5,15,0,41,True,False,35
U0492,2026-02-12,社交媒体,试用版,已浏览,50,1,0.0,1,0,0,6.6,1,0,56,True,False,100
U0493,2026-03-15,自然搜索,试用版,首次使用,30,5,0.0,5,0,0,6.9,6,0,25,True,True,80
U0494,2026-03-23,社交媒体,试用版,已注册,62,1,0.0,0,0,0,42.5,1,0,17,False,False,100
U0495,2026-02-26,付费广告,免费版,已活跃,10,31,0.0,24,9,3,39.5,15,0,42,True,False,30
U0496,2026-03-08,自然搜索,免费版,已活跃,1,6,0.0,10,4,1,21.4,9,0,32,True,False,21
U0497,2026-02-16,推荐,免费版,已付费,7,29,3391.5,30,8,5,44.4,15,0,52,True,True,7
U0498,2026-04-02,自然搜索,免费版,已注册,57,1,0.0,0,0,0,2.0,1,0,7,False,True,100
U0499,2026-01-12,推荐,试用版,已注册,86,1,0.0,0,0,0,28.4,1,0,87,False,False,100
U0500,2026-01-11,付费广告,专业版,已活跃,3,30,0.0,21,5,3,28.5,15,0,88,True,False,23
